{"creeps": [[6, 6, 69], [7, 6, 48], [8, 7, 86], [8, 6, 49], [8, 2, 50], [8, 3, 70], [3, 0, 35], [5, 0, 49], [7, 0, 94], [4, 1, 1], [2, 1, 11], [7, 1, 44], [5, 1, 59], [9, 1, 82], [9, 4, 51], [9, 8, 28], [9, 5, 15], [5, 7, 39], [4, 2, 20], [4, 6, 47], [4, 4, 61], [5, 2, 68], [5, 3, 62], [2, 2, 15], [4, 3, 97], [1, 2, 5], [3, 3, 68], [6, 1, 62], [6, 2, 84], [6, 3, 33], [5, 8, 71], [5, 5, 32], [6, 4, 14], [7, 5, 87], [4, 9, 62], [7, 4, 70], [2, 5, 44], [7, 2, 12], [7, 3, 85], [2, 7, 11], [5, 9, 55], [8, 8, 40], [9, 6, 10], [9, 7, 74], [7, 8, 24], [7, 0, 101], [6, 0, 129], [5, 0, 107], [4, 0, 108], [4, 1, 125], [3, 1, 143], [2, 1, 169], [2, 0, 137]], "start": [8, 1], "goals": [[6, 7], [2, 0]], "num_flash_left": 1, "cols": 10, "rows": 10, "obstacles": [[0, 9], [1, 0], [1, 1], [1, 3], [1, 4], [1, 5], [1, 7], [1, 9], [2, 1], [3, 1], [3, 2], [3, 3], [3, 4], [3, 5], [3, 6], [3, 7], [3, 9], [5, 0], [5, 1], [5, 3], [5, 4], [5, 5], [5, 7], [5, 9], [6, 5], [7, 0], [7, 1], [7, 2], [7, 3], [7, 5], [7, 7], [7, 9], [9, 0], [9, 1], [9, 3], [9, 5], [9, 7], [9, 9]]}