{"creeps": [[5, 0, 11], [13, 0, 69], [12, 0, 24], [9, 0, 15], [16, 0, 64], [14, 0, 22], [6, 0, 47], [6, 2, 13], [17, 1, 60], [8, 2, 27], [11, 2, 77], [4, 2, 72], [16, 1, 88], [9, 2, 40], [18, 2, 65], [14, 16, 23], [18, 12, 99], [17, 12, 53], [18, 6, 4], [14, 14, 13], [14, 15, 40], [16, 12, 84], [18, 3, 49], [18, 8, 62], [18, 4, 86], [9, 4, 94], [19, 3, 47], [17, 4, 81], [18, 0, 28], [8, 4, 73], [10, 4, 29], [19, 1, 3], [11, 4, 14], [5, 1, 37], [7, 4, 41], [16, 2, 12], [15, 15, 23], [15, 13, 97], [15, 17, 15], [16, 3, 88], [15, 11, 76], [16, 9, 36], [16, 11, 64], [15, 14, 33], [14, 4, 9], [14, 5, 41], [13, 14, 49], [15, 1, 31], [13, 15, 24], [14, 10, 67], [14, 7, 93], [14, 6, 65], [14, 12, 13], [13, 17, 18], [8, 7, 77], [10, 6, 97], [13, 3, 97], [8, 14, 62], [17, 2, 16], [11, 6, 75], [13, 2, 13], [8, 6, 19], [15, 2, 31], [8, 9, 60], [8, 15, 6], [8, 11, 96], [11, 8, 70], [12, 8, 6], [17, 5, 8], [18, 5, 79], [13, 8, 38], [8, 12, 79], [10, 9, 28], [10, 11, 52], [7, 13, 31], [19, 4, 44], [15, 8, 47], [16, 5, 10], [10, 12, 68], [18, 1, 4], [9, 3, 91], [3, 1, 28], [3, 0, 61], [10, 1, 13], [8, 3, 18], [10, 2, 72], [5, 3, 92], [10, 3, 8], [6, 3, 84], [3, 2, 57], [14, 1, 52], [15, 6, 12], [18, 11, 66], [18, 9, 94], [18, 17, 16], [16, 7, 52], [18, 14, 99], [17, 18, 46], [15, 5, 64], [19, 12, 43], [18, 10, 23], [16, 8, 83], [16, 18, 41], [18, 16, 45]], "start": [17, 0], "goals": [[0, 15], [0, 19], [1, 0], [1, 1]], "num_flash_left": 0, "cols": 20, "rows": 20, "obstacles": [[0, 15], [0, 19], [1, 0], [1, 1], [1, 2], [1, 3], [1, 4], [1, 5], [1, 6], [1, 7], [1, 8], [1, 9], [1, 10], [1, 11], [1, 12], [1, 13], [1, 15], [1, 17], [1, 19], [2, 5], [2, 13], [2, 15], [2, 17], [2, 19], [3, 1], [3, 2], [3, 3], [3, 4], [3, 5], [3, 7], [3, 8], [3, 9], [3, 10], [3, 11], [3, 13], [3, 15], [3, 16], [3, 17], [3, 19], [4, 1], [4, 7], [4, 9], [4, 13], [4, 15], [4, 19], [5, 1], [5, 3], [5, 4], [5, 5], [5, 6], [5, 7], [5, 9], [5, 11], [5, 12], [5, 13], [5, 15], [5, 17], [5, 18], [5, 19], [6, 3], [6, 9], [6, 15], [6, 19], [7, 1], [7, 2], [7, 3], [7, 5], [7, 6], [7, 7], [7, 9], [7, 10], [7, 11], [7, 12], [7, 13], [7, 14], [7, 15], [7, 16], [7, 17], [7, 19], [8, 3], [8, 5], [8, 9], [8, 17], [8, 19], [9, 0], [9, 1], [9, 3], [9, 5], [9, 7], [9, 8], [9, 9], [9, 10], [9, 11], [9, 13], [9, 14], [9, 15], [9, 17], [9, 19], [10, 1], [10, 5], [10, 7], [10, 13], [10, 15], [10, 17], [10, 19], [11, 1], [11, 2], [11, 3], [11, 4], [11, 5], [11, 7], [11, 9], [11, 11], [11, 12], [11, 13], [11, 15], [11, 17], [11, 19], [12, 3], [12, 7], [12, 9], [12, 11], [12, 13], [12, 17], [12, 19], [13, 1], [13, 3], [13, 5], [13, 6], [13, 7], [13, 8], [13, 9], [13, 11], [13, 13], [13, 15], [13, 16], [13, 17], [13, 19], [14, 1], [14, 3], [14, 9], [14, 11], [14, 15], [14, 19], [15, 0], [15, 1], [15, 3], [15, 4], [15, 5], [15, 6], [15, 7], [15, 9], [15, 11], [15, 12], [15, 13], [15, 15], [15, 17], [15, 18], [15, 19], [16, 7], [16, 9], [16, 13], [16, 15], [16, 19], [17, 1], [17, 2], [17, 3], [17, 4], [17, 5], [17, 6], [17, 7], [17, 9], [17, 10], [17, 11], [17, 13], [17, 15], [17, 16], [17, 17], [17, 19], [18, 13], [18, 19], [19, 0], [19, 1], [19, 2], [19, 3], [19, 4], [19, 5], [19, 6], [19, 7], [19, 8], [19, 9], [19, 10], [19, 11], [19, 12], [19, 13], [19, 14], [19, 15], [19, 16], [19, 17], [19, 18], [19, 19]]}