{"blog-sidebar":{"search-2":{"title":"Search"},"categories-2":{"title":"Category","count":1,"hierarchical":0,"dropdown":0},"tp-latest-posts-2":{"title":"Recent Post","count":"3","posts_order":"DESC"},"tag_cloud-2":{"title":"Popular Tag","count":0,"taxonomy":"post_tag"}},"footer-1":{"custom_html-2":{"title":"","content":"<h4 class=\"footer-widget__title mb-30\">\r\n   <a class=\"logo\" href=\"https:\/\/weblearnbd.net\/wp\/bioxlab\/\"><img src=\"https:\/\/weblearnbd.net\/wp\/bioxlab\/wp-content\/uploads\/2022\/08\/logo-white.png\" alt=\"logo\"><\/a>\r\n<\/h4>\r\n<p>Exerci tation ullamcorper suscipit lobortis nisl aliquip ex ea commodo claritatem itamconse quat.Exerci tation ullamcorper.<\/p>\r\n<div class=\"footer-widget__social\">\r\n   <a class=\"tp-f-youtube\" href=\"#\"><i class=\"fa-brands fa-youtube\"><\/i><\/a>\r\n   <a class=\"tp-f-twitter\" href=\"#\"><i class=\"fa-brands fa-twitter\"><\/i><\/a>\r\n   <a class=\"tp-f-fb\" href=\"#\"><i class=\"fa-brands fa-facebook-f\"><\/i><\/a>\r\n   <a class=\"tp-f-skype\" href=\"#\"><i class=\"fa-brands fa-skype\"><\/i><\/a>\r\n<\/div>"}},"footer-2":{"nav_menu-2":{"title":"Useful links","nav_menu":20}},"footer-3":{"custom_html-3":{"title":"Contact info","content":"<div class=\"footer-widget__info\">\r\n   <ul>\r\n      <li><a href=\"#\">New York, NY 10003, USA. 2nd <br> Street Dorm <\/a><\/li>\r\n      <li><a href=\"tel:+9159008855\">(+555)2321 56524<\/a><\/li>\r\n      <li><a href=\"mailto:support@themepure.net\">support@themepure.net<\/a><\/li>\r\n      <li>Office Hours: 9AM - 4PM<\/li>\r\n      <li>Friday - Wekend Day<\/li>\r\n   <\/ul>\r\n<\/div>"}},"footer-4":{"custom_html-4":{"title":"Subscribe Newslatter","content":"<p>Exerci tation ullamcorper suscipit lobortis nisl aliquip ex ea commodo <\/p>\r\n<div class=\"footer-widget__newsletter p-relative\">\r\n   <form action=\"#\">\r\n      <input type=\"email\" placeholder=\"Enter Mail\">\r\n      <button class=\"footer-widget__fw-news-btn\"><i class=\"fa-solid fa-paper-plane\"><\/i><\/button>\r\n   <\/form>\r\n<\/div>"}},"footer-2-1":{"custom_html-5":{"title":"","content":"<div class=\"tp-footer-widget__content mb-95\">\r\n   <i>FEEL FREE TO CONTACT US<\/i>\r\n   <h4 class=\"tp-footer-widget__contact mb-20\"><a href=\"tel:61383766284\">61 383 766 284<\/a><\/h4>\r\n   <a href=\"mailto:noreply@envato.com\">noreply@envato.com<\/a>\r\n<\/div>\r\n<div class=\"tp-footer-widget__sub-sec\">\r\n   <span class=\"tp-footer-widget__sub-title mb-5\">Career<\/span>\r\n   <p>Nam eget dui vel quam sodales semper quis porttitor <br> tortor. Vivamus quis ex nulla ...Nam eget dui vel quam <br> sodales semper quis porttitor tortor.<\/p>\r\n<\/div>"}},"footer-2-2":{"nav_menu-3":{"title":"Useful links","nav_menu":20},"custom_html-6":{"title":"Opening Hours","content":"<div class=\"tp-footer-widget__list\">\r\n    <ul>\r\n    <li>Office Hours: 8AM - 11PM<\/li>\r\n    <li>Office Hours: 8AM - 11PM<\/li>\r\n    <li>Sunday - Wekend Day<\/li>\r\n    <\/ul>\r\n<\/div>"}},"footer-2-3":{"nav_menu-4":{"title":"Customer Service","nav_menu":21}},"footer-2-4":{"custom_html-7":{"title":"Contact Info","content":"<div class=\"tp-footer-widget__links mb-120\">\r\n   <ul>\r\n      <li>New York, NY 10003, USA. 2nd\r\nStreet Dorm <\/li>\r\n      <li><a href=\"tel:(+880)15569569365\">(+880)155 69569 365<\/a><\/li>\r\n      <li><a href=\"mailto:support@rstheme.com\">support@themepure.net<\/a><\/li>\r\n      <li>Office Hours: 8AM - 11PM<\/li>\r\n      <li>Sunday - Wekend Day<\/li>\r\n   <\/ul>\r\n<\/div>\r\n"},"custom_html-8":{"title":"","content":"<div class=\"tp-footer-widget__social fw-social\">\r\n   <a href=\"#\"><i class=\"fa-brands fa-facebook-f\"><\/i><\/a>\r\n   <a href=\"#\"><i class=\"fa-brands fa-twitter\"><\/i><\/a>\r\n   <a href=\"#\"><i class=\"fa-brands fa-instagram\"><\/i><\/a>\r\n   <a href=\"#\"><i class=\"fa-light fa-basketball\"><\/i><\/a>\r\n   <a href=\"#\"><i class=\"fa-brands fa-youtube\"><\/i><\/a>\r\n<\/div>"}}}